000206.jpg,3537
000561.jpg,4340
000592.jpg,4411
000614.jpg,3055
000778.jpg,8597
000866.jpg,8472
001139.jpg,7846
001393.jpg,6970
001617.jpg,4508
001655.jpg,1422
002080.jpg,5291
002333.jpg,7554
002871.jpg,7612
002946.jpg,5513
003042.jpg,9016
003289.jpg,6
003320.jpg,7771
003352.jpg,2290
003663.jpg,9412
003677.jpg,17
003710.jpg,3995
004007.jpg,1640
004643.jpg,83
004673.jpg,7076
004828.jpg,3775
005274.jpg,6725
005449.jpg,9208
006513.jpg,7759
006814.jpg,5607
006849.jpg,7583
007036.jpg,5699
007319.jpg,10031
007410.jpg,4811
007611.jpg,9881
008149.jpg,4036
008221.jpg,7720
008222.jpg,7974
008241.jpg,7808
008417.jpg,4586
008479.jpg,1106
008865.jpg,10106
008905.jpg,8704
008917.jpg,8836
008921.jpg,3313
008982.jpg,6261
009027.jpg,8248
009130.jpg,8955
009403.jpg,9507
009538.jpg,2962
009870.jpg,7342
009884.jpg,492
010228.jpg,8458
010374.jpg,8668
010377.jpg,5661
010861.jpg,1479
011135.jpg,6713
011414.jpg,7243
011785.jpg,7588
011871.jpg,1915
011980.jpg,8983
012038.jpg,9143
012059.jpg,9034
012206.jpg,9531
012365.jpg,6234
012630.jpg,3270
012678.jpg,5781
012954.jpg,3403
013272.jpg,6847
013308.jpg,3078
013428.jpg,21
013890.jpg,3711
014425.jpg,2092
014511.jpg,8108
014804.jpg,3679
015039.jpg,269
015106.jpg,8688
015700.jpg,6630
015754.jpg,1197
015944.jpg,8927
016133.jpg,6670
016425.jpg,6619
016472.jpg,9320
016720.jpg,6767
016859.jpg,2342
016993.jpg,4264
017178.jpg,1889
017356.jpg,2806
017451.jpg,4858
017654.jpg,9069
017679.jpg,1812
017690.jpg,8206
017997.jpg,657
018333.jpg,6578
018480.jpg,6451
018486.jpg,9241
018495.jpg,7589
018547.jpg,1854
018724.jpg,7025
018830.jpg,6592
018942.jpg,9537
018996.jpg,10045
019152.jpg,4932
019298.jpg,61
019369.jpg,2450
020106.jpg,4704
020276.jpg,2022
020588.jpg,4384
020895.jpg,9899
021602.jpg,1586
021856.jpg,9486
021958.jpg,8078
022969.jpg,1525
023007.jpg,7526
023079.jpg,3073
023148.jpg,4622
023208.jpg,9045
023627.jpg,1040
024169.jpg,5119
024242.jpg,3918
024253.jpg,1652
024345.jpg,7630
024399.jpg,4281
024658.jpg,6104
024916.jpg,3908
025020.jpg,9552
025081.jpg,3199
025580.jpg,594
025838.jpg,2864
025996.jpg,1861
026803.jpg,5452
027179.jpg,7870
027387.jpg,695
027456.jpg,2754
027552.jpg,6480
027663.jpg,4675
027709.jpg,5974
027902.jpg,8197
028128.jpg,2302
028308.jpg,2902
028430.jpg,6583
028730.jpg,8211
028778.jpg,1466
028820.jpg,9172
029030.jpg,7157
029310.jpg,2642
029779.jpg,7007
029847.jpg,2480
029918.jpg,2198
030476.jpg,8371
030482.jpg,5400
031050.jpg,5479
031585.jpg,7903
031641.jpg,8883
031927.jpg,9327
031939.jpg,2964
032192.jpg,7951
032393.jpg,5711
032458.jpg,3468
032943.jpg,7064
032977.jpg,2614
032990.jpg,1774
033322.jpg,3774
033794.jpg,765
034253.jpg,3660
034545.jpg,9867
034826.jpg,9074
034906.jpg,5919
035061.jpg,7821
035120.jpg,111
035221.jpg,2127
035326.jpg,5198
037004.jpg,8002
037187.jpg,2429
037551.jpg,5771
037595.jpg,6780
037813.jpg,2482
038179.jpg,3821
038308.jpg,5277
038327.jpg,578
038590.jpg,3502
038728.jpg,3417
039101.jpg,3066
039209.jpg,1872
039218.jpg,9989
039498.jpg,9880
039504.jpg,8448
039667.jpg,6742
039864.jpg,696
039903.jpg,6546
039930.jpg,8490
040270.jpg,3875
040355.jpg,6911
040572.jpg,452
040656.jpg,5830
040860.jpg,9569
041049.jpg,4570
041362.jpg,2208
041895.jpg,1571
042039.jpg,1111
042145.jpg,4936
042171.jpg,6452
042712.jpg,4694
042725.jpg,9421
042756.jpg,5178
042908.jpg,4662
042920.jpg,4964
043015.jpg,6149
043146.jpg,1371
043257.jpg,7379
043306.jpg,1989
043781.jpg,5842
043886.jpg,4224
044307.jpg,8067
044329.jpg,9137
044691.jpg,5032
044867.jpg,1238
045199.jpg,9352
045333.jpg,8738
045460.jpg,2566
045609.jpg,4881
045795.jpg,7836
046474.jpg,351
046846.jpg,8669
047546.jpg,8391
047689.jpg,8532
047870.jpg,8474
048178.jpg,10071
048320.jpg,3058
048386.jpg,1584
048773.jpg,2617
048904.jpg,5852
048907.jpg,4611
049070.jpg,1786
049585.jpg,1933
050244.jpg,5455
050420.jpg,7476
050463.jpg,178
050806.jpg,5222
050856.jpg,2432
051312.jpg,5843
051588.jpg,2633
051700.jpg,7151
051849.jpg,4178
051985.jpg,6140
052104.jpg,1945
052167.jpg,155
052321.jpg,10137
052447.jpg,9638
052508.jpg,2971
052995.jpg,8652
053020.jpg,2709
053380.jpg,2841
053592.jpg,4104
054078.jpg,9261
054100.jpg,8862
054210.jpg,2224
054395.jpg,5918
054737.jpg,144
054766.jpg,6872
054811.jpg,248
054945.jpg,1656
055309.jpg,1150
055343.jpg,2145
055716.jpg,5106
055726.jpg,239
055731.jpg,5659
055805.jpg,9833
056112.jpg,587
056154.jpg,7991
056333.jpg,1058
056506.jpg,5149
056779.jpg,5688
056930.jpg,3420
056960.jpg,6331
056963.jpg,6816
057183.jpg,7486
057241.jpg,2922
057378.jpg,8403
057415.jpg,9462
057659.jpg,6357
058512.jpg,3687
058538.jpg,8725
058570.jpg,1311
058629.jpg,2502
059020.jpg,6844
059066.jpg,6772
059515.jpg,6765
059766.jpg,764
060087.jpg,2718
060132.jpg,2670
060475.jpg,4156
060683.jpg,7341
061243.jpg,7755
061289.jpg,7692
061328.jpg,3340
061400.jpg,7145
061508.jpg,4823
061550.jpg,6806
061708.jpg,6455
061831.jpg,9426
061875.jpg,7300
062001.jpg,3351
062627.jpg,959
062740.jpg,8145
062877.jpg,8047
062907.jpg,6612
063030.jpg,5151
063598.jpg,4933
063676.jpg,1022
063762.jpg,5512
064383.jpg,1754
064529.jpg,979
064556.jpg,9184
064624.jpg,3203
064929.jpg,7388
065115.jpg,7075
065222.jpg,9960
065746.jpg,6730
065749.jpg,1478
065917.jpg,313
066251.jpg,2654
066403.jpg,9752
066734.jpg,9882
066962.jpg,10015
067354.jpg,6695
067443.jpg,4073
067468.jpg,8427
068461.jpg,571
068758.jpg,8258
068989.jpg,9587
069017.jpg,6129
069031.jpg,8024
069108.jpg,602
069143.jpg,4590
069272.jpg,690
069349.jpg,7169
069460.jpg,1521
069526.jpg,8894
069610.jpg,149
070005.jpg,4767
070549.jpg,1062
070994.jpg,7452
071389.jpg,8408
071631.jpg,9592
071640.jpg,5398
071774.jpg,8891
072221.jpg,3026
072252.jpg,3510
072401.jpg,4354
072512.jpg,7509
072516.jpg,5081
072613.jpg,8045
072783.jpg,3274
072969.jpg,3161
073241.jpg,3640
073295.jpg,1984
073355.jpg,466
073401.jpg,7843
073451.jpg,6458
073493.jpg,4058
073573.jpg,7218
073690.jpg,872
073981.jpg,4353
074126.jpg,3616
074478.jpg,3128
074497.jpg,4159
074733.jpg,3954
074752.jpg,3206
074914.jpg,2963
075453.jpg,7069
076255.jpg,9476
076312.jpg,7401
076641.jpg,3018
076687.jpg,9504
076806.jpg,9865
076809.jpg,6425
077019.jpg,4654
077126.jpg,6882
077186.jpg,8158
077266.jpg,1473
077292.jpg,7814
077386.jpg,9329
077490.jpg,7208
078412.jpg,6429
078568.jpg,3198
078944.jpg,5871
079087.jpg,7946
079243.jpg,1402
079258.jpg,6721
079409.jpg,7818
079432.jpg,187
079748.jpg,7207
079950.jpg,3333
080019.jpg,4363
080193.jpg,8719
080652.jpg,2051
080946.jpg,4352
081754.jpg,8080
081954.jpg,8038
082191.jpg,3942
082469.jpg,526
082561.jpg,2768
082937.jpg,8342
083096.jpg,4785
083280.jpg,10018
083368.jpg,1331
083427.jpg,5532
083465.jpg,8451
083815.jpg,9487
083848.jpg,2559
083943.jpg,6264
083984.jpg,4056
084295.jpg,3993
084483.jpg,1980
084518.jpg,3912
084593.jpg,2649
084718.jpg,7433
084773.jpg,1836
085095.jpg,9180
085242.jpg,2021
085669.jpg,2935
086162.jpg,3186
086452.jpg,2668
087692.jpg,3268
088132.jpg,7683
088194.jpg,356
088591.jpg,7196
088603.jpg,3292
089269.jpg,5432
089286.jpg,4594
089365.jpg,6880
089424.jpg,3662
090223.jpg,10002
090253.jpg,2706
090300.jpg,9538
090413.jpg,2803
090483.jpg,6599
090692.jpg,4544
090871.jpg,7052
091027.jpg,2928
091239.jpg,6951
091728.jpg,4734
091895.jpg,8277
092843.jpg,10114
092990.jpg,5692
093085.jpg,2207
093586.jpg,8606
093675.jpg,4334
093799.jpg,816
093803.jpg,1948
094026.jpg,4760
094122.jpg,3107
094177.jpg,8
094262.jpg,912
094424.jpg,6060
094657.jpg,4429
094663.jpg,1317
095076.jpg,10026
095201.jpg,732
095250.jpg,6749
095486.jpg,8383
095549.jpg,998
095679.jpg,4729
096388.jpg,10010
096402.jpg,9908
097200.jpg,4319
097246.jpg,2282
097309.jpg,4877
097452.jpg,3466
097624.jpg,3861
098759.jpg,3324
098979.jpg,2636
099340.jpg,4393
099388.jpg,7798
099401.jpg,9959
099533.jpg,5307
099671.jpg,8352
099846.jpg,2746
099984.jpg,9270
099996.jpg,6782
100365.jpg,5266
100713.jpg,9595
100748.jpg,852
100843.jpg,5305
100881.jpg,3961
101325.jpg,2753
101632.jpg,3848
101902.jpg,6238
102049.jpg,2110
102165.jpg,9593
102179.jpg,3505
102664.jpg,4467
102753.jpg,70
102777.jpg,538
102799.jpg,9423
102818.jpg,421
102978.jpg,6704
103189.jpg,2796
103505.jpg,7232
103542.jpg,8910
104222.jpg,5219
104232.jpg,10021
104465.jpg,5537
105058.jpg,9207
105120.jpg,1404
105174.jpg,8778
105496.jpg,5616
105691.jpg,5715
105750.jpg,2732
105891.jpg,6652
106136.jpg,7525
106175.jpg,574
106177.jpg,4417
106430.jpg,8683
106747.jpg,5311
106816.jpg,5909
107203.jpg,7479
107355.jpg,4673
107382.jpg,9138
107566.jpg,7357
107860.jpg,2501
108517.jpg,6412
108567.jpg,508
108934.jpg,834
109001.jpg,9998
109309.jpg,2288
109513.jpg,3804
109766.jpg,9720
110016.jpg,3076
110119.jpg,2216
110690.jpg,3097
110866.jpg,1107
110996.jpg,134
111070.jpg,8256
111420.jpg,9361
111446.jpg,7654
111527.jpg,5193
112047.jpg,5803
112150.jpg,9370
112170.jpg,7964
112462.jpg,1688
112815.jpg,4323
113239.jpg,7875
113838.jpg,2477
113982.jpg,1752
114393.jpg,2529
114755.jpg,4169
114867.jpg,4062
114882.jpg,4103
114938.jpg,6450
115094.jpg,10079
115393.jpg,1886
115435.jpg,7416
115521.jpg,6611
115630.jpg,1116
115725.jpg,456
116153.jpg,4218
116277.jpg,6907
117158.jpg,4897
117524.jpg,9512
117603.jpg,3139
118102.jpg,256
118224.jpg,5895
118354.jpg,6573
119006.jpg,6061
119192.jpg,3767
119207.jpg,5161
119354.jpg,4119
119497.jpg,4229
119610.jpg,1139
119849.jpg,10171
119870.jpg,4375
120135.jpg,705
120212.jpg,6295
120273.jpg,3205
120347.jpg,3344
120445.jpg,2427
120783.jpg,2690
120819.jpg,4783
120834.jpg,2234
120880.jpg,3477
120897.jpg,8921
121100.jpg,7552
121511.jpg,7291
121516.jpg,474
121522.jpg,7781
121582.jpg,2564
121710.jpg,8324
121807.jpg,1138
122026.jpg,1818
122035.jpg,6385
122302.jpg,1374
122383.jpg,1707
122748.jpg,7018
123227.jpg,8179
123383.jpg,5012
123463.jpg,5700
123516.jpg,7504
123775.jpg,7693
123876.jpg,5056
123993.jpg,6834
124140.jpg,490
124448.jpg,561
124696.jpg,7305
124718.jpg,3030
124813.jpg,5784
124825.jpg,728
124886.jpg,5738
124926.jpg,1418
125125.jpg,528
125205.jpg,7919
125286.jpg,5395
125512.jpg,1712
125853.jpg,1499
126212.jpg,8655
126349.jpg,6979
126358.jpg,6143
126492.jpg,3423
127211.jpg,6012
127309.jpg,1970
127614.jpg,5999
127649.jpg,268
127684.jpg,372
127786.jpg,3649
128043.jpg,3754
128148.jpg,3090
128272.jpg,4265
128273.jpg,179
128291.jpg,1767
128760.jpg,1079
128820.jpg,9655
129405.jpg,1143
129826.jpg,5969
129882.jpg,1563
129988.jpg,2513
130342.jpg,3969
130452.jpg,5725
130582.jpg,6773
130928.jpg,8647
131100.jpg,9405
131303.jpg,7482
131401.jpg,1668
131532.jpg,4640
131584.jpg,8195
131833.jpg,6893
131845.jpg,9806
132050.jpg,1159
132259.jpg,1142
132464.jpg,7039
132716.jpg,9741
132725.jpg,6085
133106.jpg,3062
133227.jpg,3378
133538.jpg,5492
133961.jpg,4461
134074.jpg,4350
134081.jpg,3431
134125.jpg,714
134713.jpg,180
134739.jpg,865
134760.jpg,7217
135013.jpg,3876
135287.jpg,1837
135779.jpg,5911
135834.jpg,4500
135856.jpg,2098
135860.jpg,3867
135926.jpg,3088
135931.jpg,3994
136123.jpg,7697
136174.jpg,9707
136263.jpg,8378
136315.jpg,3668
136461.jpg,7333
136562.jpg,2132
136592.jpg,2752
136634.jpg,6646
136841.jpg,3752
137243.jpg,5646
137319.jpg,7329
137692.jpg,328
137919.jpg,1805
138530.jpg,9288
138568.jpg,9878
138926.jpg,9030
139316.jpg,4576
139374.jpg,36
139780.jpg,5698
140083.jpg,6775
140226.jpg,5175
140317.jpg,2281
140342.jpg,4847
140349.jpg,5104
140509.jpg,2280
140620.jpg,7404
140658.jpg,9860
140757.jpg,7417
140841.jpg,8292
140861.jpg,2099
141236.jpg,952
141440.jpg,9591
141449.jpg,3263
141514.jpg,1622
141519.jpg,1894
141531.jpg,398
141657.jpg,2206
141668.jpg,592
142109.jpg,9544
142125.jpg,3793
142323.jpg,1616
142367.jpg,4234
142437.jpg,132
142717.jpg,2731
142954.jpg,3336
142971.jpg,4979
143085.jpg,1938
143223.jpg,2408
143607.jpg,2136
143677.jpg,7563
143920.jpg,6216
144124.jpg,9514
144189.jpg,9231
144306.jpg,6484
145452.jpg,2667
145605.jpg,7029
145687.jpg,1030
145788.jpg,4768
146111.jpg,6112
146274.jpg,6595
146680.jpg,2914
146723.jpg,4757
146797.jpg,5747
147005.jpg,9230
147420.jpg,9195
147653.jpg,4904
147847.jpg,5836
147944.jpg,5745
148219.jpg,5707
148919.jpg,2867
149237.jpg,7214
149589.jpg,7626
149735.jpg,3887
150032.jpg,9982
150059.jpg,2975
150444.jpg,3367
150907.jpg,3124
151102.jpg,7819
151330.jpg,7128
151881.jpg,3080
151995.jpg,464
152424.jpg,536
152555.jpg,284
152582.jpg,7717
152596.jpg,5742
152951.jpg,8925
153320.jpg,5682
153374.jpg,1530
153577.jpg,1407
153613.jpg,2447
153662.jpg,9694
153858.jpg,9399
153865.jpg,9044
154097.jpg,9670
154439.jpg,9896
154849.jpg,9175
155943.jpg,4454
156072.jpg,4813
156337.jpg,9022
157604.jpg,1171
157673.jpg,6495
157684.jpg,8350
157887.jpg,7856
157952.jpg,582
158254.jpg,6168
158518.jpg,3286
158712.jpg,7198
159006.jpg,4133
159192.jpg,5279
159310.jpg,1907
159501.jpg,9287
159863.jpg,3983
159921.jpg,6783
159983.jpg,8968
159991.jpg,7380
160044.jpg,1773
160428.jpg,1358
160477.jpg,5971
160638.jpg,7040
161079.jpg,10057
161372.jpg,5818
161441.jpg,9651
161536.jpg,5333
161644.jpg,9242
161865.jpg,4801
162146.jpg,3208
162316.jpg,6715
162778.jpg,2327
162903.jpg,2906
163093.jpg,451
163309.jpg,835
163482.jpg,634
163518.jpg,2096
163645.jpg,1001
163748.jpg,2226
163971.jpg,4901
164553.jpg,4147
164863.jpg,2763
165186.jpg,627
165305.jpg,3470
165481.jpg,2743
165650.jpg,2664
165905.jpg,4632
165927.jpg,4076
165957.jpg,735
166104.jpg,1740
166517.jpg,3816
166660.jpg,2604
166696.jpg,3595
166961.jpg,1642
166963.jpg,2172
167008.jpg,4072
167021.jpg,752
167388.jpg,1893
167441.jpg,842
167643.jpg,759
167690.jpg,140
167830.jpg,550
167934.jpg,3215
168115.jpg,3176
168188.jpg,1675
168225.jpg,2152
168263.jpg,1013
168815.jpg,373
169021.jpg,3011
169173.jpg,4022
169219.jpg,1562
169773.jpg,379
169781.jpg,1302
169835.jpg,533
170125.jpg,2041
170223.jpg,3613
170236.jpg,3033
170285.jpg,287
170416.jpg,787
170451.jpg,624
170568.jpg,3601
170607.jpg,637
170798.jpg,243
170841.jpg,1268
170878.jpg,376
170943.jpg,2551
171664.jpg,3495
172494.jpg,849
172573.jpg,2319
172627.jpg,4658
172637.jpg,431
173121.jpg,4176
173122.jpg,2418
173521.jpg,3487
173982.jpg,3117
174306.jpg,2851
174331.jpg,2431
174556.jpg,1036
175031.jpg,1934
175924.jpg,1386
175992.jpg,3661
176219.jpg,3685
176376.jpg,1719
176535.jpg,2651
176585.jpg,229
176800.jpg,832
176873.jpg,4756
177256.jpg,2933
177473.jpg,1779
177662.jpg,1203
177868.jpg,2629
178119.jpg,4851
178382.jpg,1230
178564.jpg,2600
178607.jpg,2700
178713.jpg,3075
178753.jpg,4850
179002.jpg,893
179053.jpg,3978
179472.jpg,3937
179574.jpg,518
179718.jpg,796
179785.jpg,1293
179946.jpg,1199
180038.jpg,4688
180071.jpg,2393
180315.jpg,1677
180960.jpg,4038
181638.jpg,1547
181766.jpg,4766
181792.jpg,1498
182122.jpg,1460
182309.jpg,1876
182313.jpg,558
182451.jpg,3726
182497.jpg,3237
182827.jpg,8634
182873.jpg,7990
183022.jpg,5467
183253.jpg,6090
183702.jpg,8589
184122.jpg,7235
184464.jpg,9217
184465.jpg,8477
184911.jpg,9010
185304.jpg,7273
185368.jpg,6575
185369.jpg,7258
185374.jpg,7862
185636.jpg,6269
185735.jpg,7618
185864.jpg,6289
186039.jpg,7160
186043.jpg,9988
186117.jpg,6010
186182.jpg,6336
186282.jpg,8986
186377.jpg,7752
186880.jpg,6329
187003.jpg,5148
187150.jpg,7226
187317.jpg,9541
187633.jpg,7579
187857.jpg,9124
188008.jpg,5162
188080.jpg,7010
188257.jpg,8489
188356.jpg,9696
188361.jpg,6676
188442.jpg,5946
188444.jpg,6959
188566.jpg,7055
189119.jpg,5214
189182.jpg,8425
189404.jpg,7982
189590.jpg,7045
189865.jpg,6990
189915.jpg,6937
190217.jpg,7488
190285.jpg,8635
190357.jpg,8491
190860.jpg,6253
191038.jpg,5425
191364.jpg,6080
191976.jpg,5206
192057.jpg,6178
192197.jpg,8201
192477.jpg,7310
192693.jpg,6748
192720.jpg,8917
192885.jpg,6084
193512.jpg,9284
193611.jpg,10105
193689.jpg,6799
193698.jpg,6221
193796.jpg,8117
193797.jpg,6638
194047.jpg,5563
194246.jpg,9584
194295.jpg,6228
194697.jpg,9495
195032.jpg,5252
195714.jpg,7194
195715.jpg,8821
195724.jpg,5756
195932.jpg,6528
196050.jpg,6258
196096.jpg,9596
196217.jpg,7459
196425.jpg,9727
196526.jpg,9232
196665.jpg,8191
196726.jpg,8869
196733.jpg,5785
197300.jpg,6274
197627.jpg,9301
197677.jpg,5743
198091.jpg,7497
198336.jpg,7323
198645.jpg,8873
198771.jpg,7598
198899.jpg,7958
199046.jpg,9244
199542.jpg,6533
200265.jpg,6139
200511.jpg,8450
201003.jpg,7791
201162.jpg,9255
201551.jpg,9800
201631.jpg,6787
202022.jpg,7707
202117.jpg,9125
202289.jpg,9314
202324.jpg,5891
202437.jpg,9203
