001628.jpg,1994
001929.jpg,2484
002276.jpg,7899
002951.jpg,245
003711.jpg,2275
004388.jpg,2349
004459.jpg,9808
004665.jpg,710
004749.jpg,6486
005461.jpg,407
006098.jpg,618
006523.jpg,1312
007066.jpg,8878
007644.jpg,245
007650.jpg,1994
008357.jpg,5717
008772.jpg,1787
008938.jpg,8570
009324.jpg,7970
009840.jpg,6381
009864.jpg,1312
009974.jpg,7957
010926.jpg,9877
012145.jpg,2484
012407.jpg,4716
012534.jpg,6302
013809.jpg,3514
014290.jpg,396
014544.jpg,3749
015102.jpg,396
015152.jpg,407
015525.jpg,4002
016447.jpg,1606
016545.jpg,1787
017569.jpg,2623
017574.jpg,4703
017931.jpg,10082
018544.jpg,648
020490.jpg,1606
020940.jpg,95
021173.jpg,2026
022261.jpg,6381
024133.jpg,7977
024142.jpg,8319
024389.jpg,7197
024457.jpg,825
026748.jpg,6828
027835.jpg,1598
028261.jpg,7899
028939.jpg,5630
030101.jpg,5955
030226.jpg,2624
031180.jpg,6199
031847.jpg,3095
032499.jpg,95
033221.jpg,335
033849.jpg,2623
033890.jpg,2761
033989.jpg,29
035210.jpg,245
035567.jpg,8553
035776.jpg,2349
037842.jpg,8854
038084.jpg,2623
039203.jpg,5630
039328.jpg,2580
039515.jpg,5955
039844.jpg,2349
040297.jpg,7922
041180.jpg,95
041210.jpg,3737
042388.jpg,8329
043295.jpg,825
043454.jpg,5630
044479.jpg,3514
045370.jpg,2484
046057.jpg,6828
046464.jpg,335
046865.jpg,2381
047650.jpg,1289
047695.jpg,6199
048349.jpg,4867
049294.jpg,2026
050070.jpg,5717
050242.jpg,7977
050414.jpg,3259
050671.jpg,618
051150.jpg,4716
051176.jpg,8762
052403.jpg,7970
052618.jpg,8570
054523.jpg,4348
054702.jpg,7899
054772.jpg,3095
055535.jpg,8433
055904.jpg,8854
056193.jpg,9911
056724.jpg,5503
057736.jpg,3022
060020.jpg,5573
061066.jpg,5802
062968.jpg,8329
063362.jpg,3259
064384.jpg,3032
064440.jpg,8319
064943.jpg,4867
065072.jpg,5350
066123.jpg,10035
066196.jpg,6471
066341.jpg,1598
066845.jpg,3209
067640.jpg,3371
068006.jpg,618
068167.jpg,5955
068336.jpg,733
068966.jpg,10082
069541.jpg,9808
069857.jpg,8553
070995.jpg,2624
071437.jpg,648
072205.jpg,3923
073478.jpg,7608
073505.jpg,8570
073926.jpg,4164
074118.jpg,3586
075027.jpg,7957
075178.jpg,6048
075245.jpg,3022
075860.jpg,1606
076923.jpg,3749
077681.jpg,7957
079280.jpg,5350
079446.jpg,8854
079843.jpg,5496
080132.jpg,8762
081892.jpg,6302
081899.jpg,7977
082181.jpg,8433
082852.jpg,2026
083446.jpg,8512
084926.jpg,8553
085244.jpg,710
086060.jpg,5573
087869.jpg,3371
088692.jpg,8319
089314.jpg,7197
092001.jpg,6302
092884.jpg,710
093613.jpg,2580
093800.jpg,504
096267.jpg,335
096446.jpg,6048
097144.jpg,7922
097190.jpg,2275
098350.jpg,2381
098526.jpg,2458
098778.jpg,9877
099376.jpg,4164
099666.jpg,1994
100811.jpg,3095
101208.jpg,3514
101438.jpg,733
101672.jpg,6199
102002.jpg,5166
102227.jpg,8329
102382.jpg,7970
102866.jpg,4164
103064.jpg,3032
103234.jpg,9808
104094.jpg,6048
105980.jpg,6381
107014.jpg,3586
107946.jpg,4703
109090.jpg,3923
109382.jpg,6828
109858.jpg,5802
110496.jpg,3923
112953.jpg,6486
114045.jpg,2381
115699.jpg,2458
116845.jpg,10035
116987.jpg,407
117139.jpg,9911
117553.jpg,1312
117808.jpg,8762
117818.jpg,4716
117927.jpg,2458
118141.jpg,1787
118919.jpg,504
118978.jpg,5496
119048.jpg,4867
119215.jpg,825
119554.jpg,1289
123112.jpg,8512
123217.jpg,8433
123513.jpg,5496
124061.jpg,5503
125097.jpg,2275
125836.jpg,2761
127070.jpg,8878
127378.jpg,8878
127808.jpg,294
128496.jpg,3259
128603.jpg,3032
130177.jpg,29
130356.jpg,7922
131107.jpg,2624
133198.jpg,9877
133412.jpg,5166
133447.jpg,3209
133800.jpg,1289
134244.jpg,396
135066.jpg,3586
135466.jpg,4348
136116.jpg,294
136766.jpg,3737
137076.jpg,3749
138537.jpg,5802
139778.jpg,648
141174.jpg,3209
142401.jpg,9911
142876.jpg,8512
142886.jpg,2580
143636.jpg,4703
144467.jpg,3737
144565.jpg,5717
144658.jpg,7197
144755.jpg,10082
145179.jpg,5573
145404.jpg,5166
146090.jpg,294
147556.jpg,4002
149304.jpg,29
150563.jpg,733
151545.jpg,6471
152747.jpg,504
155062.jpg,6486
157283.jpg,4348
157782.jpg,10035
158094.jpg,5350
158602.jpg,5503
159136.jpg,3022
160007.jpg,7608
160555.jpg,2761
161005.jpg,1598
161460.jpg,6471
162083.jpg,3371
162457.jpg,7608
162685.jpg,4002
164871.jpg,566
165277.jpg,1185
165824.jpg,465
166078.jpg,1320
166101.jpg,465
166121.jpg,3974
167246.jpg,1320
167837.jpg,1185
168659.jpg,4615
168706.jpg,566
169238.jpg,1185
170503.jpg,4075
171248.jpg,4615
172180.jpg,465
172520.jpg,1320
172848.jpg,566
173780.jpg,822
175742.jpg,3974
176558.jpg,822
177558.jpg,4075
177990.jpg,205
178704.jpg,4075
178981.jpg,4615
179019.jpg,205
179552.jpg,822
180453.jpg,3974
182107.jpg,205
184899.jpg,8144
185375.jpg,8188
185833.jpg,8062
186859.jpg,9753
186945.jpg,8188
188075.jpg,8244
188079.jpg,8144
189633.jpg,6038
189987.jpg,7679
190094.jpg,9801
190597.jpg,7679
190762.jpg,8062
190804.jpg,7679
191168.jpg,9753
193854.jpg,6038
194048.jpg,9801
194546.jpg,9801
195672.jpg,9753
196720.jpg,8144
196965.jpg,8062
197595.jpg,8188
198262.jpg,8244
198316.jpg,6038
200092.jpg,8244
